insert into kontakt_liste (id, changed, created) values (1,now(),'2020-12-29');
insert into kontakt_liste (id, changed, created) values (2,now(), '2020-12-26');
insert into kontakt_liste (id, changed, created) values (3,now(), '2020-12-22');
insert into kontakt_liste (id, changed, created) values (4,now(), '2020-12-19');
insert into kontakt_liste (id, changed, created) values (5,now(), '2021-01-02');
insert into kontakt_liste (id, changed, created) values (6,now(), '2020-12-30');

insert into index (kontakt_liste,vorname, nachname,erstbefund) values (1,'Alfons', 'Neubauer', '2020-12-29');
insert into index (kontakt_liste,vorname, nachname,erstbefund) values (2,'Michael', 'Blume', '2020-12-26');
insert into index (kontakt_liste,vorname, nachname,erstbefund) values (3,'Marc', 'Farber', '2020-12-22');
insert into index (kontakt_liste,vorname, nachname,erstbefund) values (4,'Jannik', 'Eisenberg', '2020-12-19');
insert into index (kontakt_liste,vorname, nachname,erstbefund) values (5,'Katrin', 'Zimmer', '2020-12-30');
insert into index (kontakt_liste,vorname, nachname,erstbefund) values (6,'Sabine', 'Eichelberger', '2020-12-30');

insert into kontaktperson (kontakt_liste,vorname, nachname,kontaktinformationen) values (1,'Peter', 'Neubauer', 'pn@mail.com');
insert into kontaktperson (kontakt_liste,vorname, nachname,kontaktinformationen) values (1,'Michael', 'Neubauer', 'micha@mail.com');
insert into kontaktperson (kontakt_liste,vorname, nachname,kontaktinformationen) values (1,'Matthias','Wirth','MatthiasWirth@gustr.com');
insert into kontaktperson (kontakt_liste,vorname, nachname,kontaktinformationen) values (1,'Dieter','Finkel','DieterFinkel@dayrep.com');
insert into kontaktperson (kontakt_liste,vorname, nachname,kontaktinformationen) values (1,'Jens','Wechsler','JensWechsler@dayrep.com');
insert into kontaktperson (kontakt_liste,vorname, nachname,kontaktinformationen) values (2,'Ines','Wirtz','InesWirtz@jourrapide.com');
insert into kontaktperson (kontakt_liste,vorname, nachname,kontaktinformationen) values (2,'Erik','Holzman','ErikHolzman@jourrapide.com');
insert into kontaktperson (kontakt_liste,vorname, nachname,kontaktinformationen) values (2,'Dominik','Herz','DominikHerz@jourrapide.com');
insert into kontaktperson (kontakt_liste,vorname, nachname,kontaktinformationen) values (2,'Leon','Zimmer','LeonZimmer@cuvox.de');
insert into kontaktperson (kontakt_liste,vorname, nachname,kontaktinformationen) values (2,'Maik','Sommer','MaikSommer@fleckens.hu');
insert into kontaktperson (kontakt_liste,vorname, nachname,kontaktinformationen) values (2,'Christian','Luft','ChristianLuft@cuvox.de');
insert into kontaktperson (kontakt_liste,vorname, nachname,kontaktinformationen) values (2,'Marina','Dietrich','MarinaDietrich@einrot.com');
insert into kontaktperson (kontakt_liste,vorname, nachname,kontaktinformationen) values (2,'Mario','Kuefer','MarioKuefer@rhyta.com');
insert into kontaktperson (kontakt_liste,vorname, nachname,kontaktinformationen) values (2,'Katrin','Gerste','KatrinGerste@jourrapide.com');
insert into kontaktperson (kontakt_liste,vorname, nachname,kontaktinformationen) values (2,'Paul','Schroder','PaulSchroder@dayrep.com');
insert into kontaktperson (kontakt_liste,vorname, nachname,kontaktinformationen) values (3,'Diana','Blau','DianaBlau@rhyta.com');
insert into kontaktperson (kontakt_liste,vorname, nachname,kontaktinformationen) values (3,'Daniela','Freeh','DanielaFreeh@jourrapide.com');
insert into kontaktperson (kontakt_liste,vorname, nachname,kontaktinformationen) values (3,'Barbara','Faber','BarbaraFaber@dayrep.com');
insert into kontaktperson (kontakt_liste,vorname, nachname,kontaktinformationen) values (3,'Kerstin','Naumann','KerstinNaumann@superrito.com');
insert into kontaktperson (kontakt_liste,vorname, nachname,kontaktinformationen) values (3,'Jessika','Freytag','JessikaFreytag@jourrapide.com');
insert into kontaktperson (kontakt_liste,vorname, nachname,kontaktinformationen) values (3,'Sophie','Koehler','SophieKoehler@gustr.com');
insert into kontaktperson (kontakt_liste,vorname, nachname,kontaktinformationen) values (3,'Tim','Schuhmacher','TimSchuhmacher@armyspy.com');
insert into kontaktperson (kontakt_liste,vorname, nachname,kontaktinformationen) values (3,'Stephanie','Hueber','StephanieHueber@gustr.com');
insert into kontaktperson (kontakt_liste,vorname, nachname,kontaktinformationen) values (3,'Maik','Lowe','MaikLowe@armyspy.com');
insert into kontaktperson (kontakt_liste,vorname, nachname,kontaktinformationen) values (3,'Vanessa','Eichelberger','VanessaEichelberger@gustr.com');
insert into kontaktperson (kontakt_liste,vorname, nachname,kontaktinformationen) values (3,'Sven','Bauer','SvenBauer@rhyta.com');
insert into kontaktperson (kontakt_liste,vorname, nachname,kontaktinformationen) values (3,'Dirk','Ehrlichmann','DirkEhrlichmann@einrot.com');
insert into kontaktperson (kontakt_liste,vorname, nachname,kontaktinformationen) values (3,'Kerstin','Gerste','KerstinGerste@jourrapide.com');
insert into kontaktperson (kontakt_liste,vorname, nachname,kontaktinformationen) values (3,'Robert','Weissmuller','RobertWeissmuller@superrito.com');
insert into kontaktperson (kontakt_liste,vorname, nachname,kontaktinformationen) values (3,'Mario','Busch','MarioBusch@gustr.com');
insert into kontaktperson (kontakt_liste,vorname, nachname,kontaktinformationen) values (3,'Sara','Weiß','SaraWeiss@jourrapide.com');
insert into kontaktperson (kontakt_liste,vorname, nachname,kontaktinformationen) values (3,'Marina','Freeh','MarinaFreeh@dayrep.com');
insert into kontaktperson (kontakt_liste,vorname, nachname,kontaktinformationen) values (3,'Mike','Eichel','MikeEichel@gustr.com');
insert into kontaktperson (kontakt_liste,vorname, nachname,kontaktinformationen) values (3,'Sandra','Neustadt','SandraNeustadt@einrot.com');
insert into kontaktperson (kontakt_liste,vorname, nachname,kontaktinformationen) values (3,'Jennifer','Maier','JenniferMaier@cuvox.de');
insert into kontaktperson (kontakt_liste,vorname, nachname,kontaktinformationen) values (3,'Juliane','Schweizer','JulianeSchweizer@superrito.com');
insert into kontaktperson (kontakt_liste,vorname, nachname,kontaktinformationen) values (3,'Julia','Bar','JuliaBar@superrito.com');
insert into kontaktperson (kontakt_liste,vorname, nachname,kontaktinformationen) values (3,'Anja','Gersten','AnjaGersten@dayrep.com');
insert into kontaktperson (kontakt_liste,vorname, nachname,kontaktinformationen) values (3,'Sven','Krueger','SvenKrueger@teleworm.us');
insert into kontaktperson (kontakt_liste,vorname, nachname,kontaktinformationen) values (3,'Max','Loewe','MaxLoewe@superrito.com');
insert into kontaktperson (kontakt_liste,vorname, nachname,kontaktinformationen) values (4,'Susanne','Kappel','SusanneKappel@superrito.com');
insert into kontaktperson (kontakt_liste,vorname, nachname,kontaktinformationen) values (4,'Eric','Sanger','EricSanger@fleckens.hu');
insert into kontaktperson (kontakt_liste,vorname, nachname,kontaktinformationen) values (4,'Dieter','Ackermann','DieterAckermann@superrito.com');
insert into kontaktperson (kontakt_liste,vorname, nachname,kontaktinformationen) values (5,'Ulrike','Fiedler','UlrikeFiedler@armyspy.com');
insert into kontaktperson (kontakt_liste,vorname, nachname,kontaktinformationen) values (5,'Steffen','Gärtner','SteffenGartner@jourrapide.com');
insert into kontaktperson (kontakt_liste,vorname, nachname,kontaktinformationen) values (5,'Jens','Schuster','JensSchuster@gustr.com');
insert into kontaktperson (kontakt_liste,vorname, nachname,kontaktinformationen) values (5,'Christian','Maier','ChristianMaier@fleckens.hu');
insert into kontaktperson (kontakt_liste,vorname, nachname,kontaktinformationen) values (5,'Torsten','Keller','TorstenKeller@rhyta.com');
insert into kontaktperson (kontakt_liste,vorname, nachname,kontaktinformationen) values (5,'Laura','Schwab','LauraSchwab@rhyta.com');
insert into kontaktperson (kontakt_liste,vorname, nachname,kontaktinformationen) values (5,'Mike','Frey','MikeFrey@teleworm.us');
insert into kontaktperson (kontakt_liste,vorname, nachname,kontaktinformationen) values (5,'Uwe','Oster','UweOster@einrot.com');
insert into kontaktperson (kontakt_liste,vorname, nachname,kontaktinformationen) values (6,'Nadine','Lang','NadineLang@dayrep.com');
insert into kontaktperson (kontakt_liste,vorname, nachname,kontaktinformationen) values (6,'Christine','Hoffmann','ChristineHoffmann@superrito.com');
insert into kontaktperson (kontakt_liste,vorname, nachname,kontaktinformationen) values (6,'Uta','Frueh','UtaFrueh@cuvox.de');
insert into kontaktperson (kontakt_liste,vorname, nachname,kontaktinformationen) values (6,'Lena','Eggers','LenaEggers@armyspy.com');
insert into kontaktperson (kontakt_liste,vorname, nachname,kontaktinformationen) values (6,'Jens','Schmitz','JensSchmitz@jourrapide.com');
insert into kontaktperson (kontakt_liste,vorname, nachname,kontaktinformationen) values (6,'Susanne','Schwartz','SusanneSchwartz@dayrep.com');
insert into kontaktperson (kontakt_liste,vorname, nachname,kontaktinformationen) values (6,'Claudia','Ackerman','ClaudiaAckerman@cuvox.de');
insert into kontaktperson (kontakt_liste,vorname, nachname,kontaktinformationen) values (6,'Yvonne','Pfeffer','YvonnePfeffer@teleworm.us');
insert into kontaktperson (kontakt_liste,vorname, nachname,kontaktinformationen) values (6,'Stefan','Konig','StefanKonig@fleckens.hu');
insert into kontaktperson (kontakt_liste,vorname, nachname,kontaktinformationen) values (6,'Leah','Klug','LeahKlug@einrot.com');
insert into kontaktperson (kontakt_liste,vorname, nachname,kontaktinformationen) values (6,'Jens','Hueber','JensHueber@teleworm.us');

